{
    "data": {
        "id": 1,
        "intent_created": true,
        "section_id_created": true,
        "section_id_name":"symptoms",
        "intent_id_name": "headache",
        "question_selected_from_dropdown": false,
        "question_linked_to_intent": "headache",
        "question_id": 24,
        "question_text": "from when did the headache started?",
        "question_type": "date",
        "has_follow_up": true,
        "follow_up_id": 1,
        "should_be_grouped": true,
        "follow_ups": {
            "follow_up_1": {
                "id": 1,
                "follow_up_linked_to_id": 1,
                "intent_created": false,
                "intent_id_name": "headache",
                "question_selected_from_dropdown":true,
                "question_id": 3,
                "question_text": "what is the severity of the headache?",
                "question_linked_to_intent":"headache",
                "question_type": "text",
                "has_follow_up":true,
                "follow_up_id": 2
            },
            "follow_up_2": {
                "id": 2,
                "follow_up_linked_to_id": 2,
                "intent_created":true,
                "section_id_created":false,
                "section_id_name":"other_symptoms",
                "intent_id_name":"rate headache",
                "question_selected_from_dropdown":true,
                "question_type":"integer",
                "question_id": 10,
                "question_linked_to_intent": "headache",
                "question_text": "rate the headache out of 10?",
                "has_follow_up":false                
            }
        },
        "group_id": 21,
        ""
    }
}



{
    "id": -1,
    "intent_created": false,
    "section_created": false,
    "section_name":"",
    "intent_name": "",
    "question_created": false,
    "question_linked_to_intent": -1,
    "question_id": -1,
    "question_text": "",
    "question_type": -1,
    "age_restricted": false,
    "age_lower_bound": -1,
    "age_upper_bound": -1,
    "sex_restriction": false,
    "sex_restricted_to": "",
    "repeat_restriction": false,
    "repeat_mode": -1,
    "max_characters_for_answer": -1,
    "answer_required": false,
    "has_follow_up": false,
    "follow_up_id": -1,
    "should_be_grouped": false
};